Echantillon,Total,Total (+/-),A pied,A pied (+/-),Vélo (incl. vélo électrique),Vélo (incl. vélo électrique) (+/-),Deux-roues motorisé,Deux-roues motorisé (+/-),Voiture (car sharing),Voiture (car sharing) (+/-),Voiture (autre),Voiture (autre) (+/-),Transports publics routiers,Transports publics routiers (+/-),Train,Train (+/-),Autres,Autres (+/-)
55018,30.01404218509076,0.4170938686932628,1.6269473021625744,0.02644639782925458,0.9364335597445698,0.04056443891484975,0.3717207622926306,0.04005309508988923,0.032667725317701145,0.013866874996084556,20.723173050874422,0.3606019771437639,1.047460220669254,0.038831933482296445,4.887255910102054,0.21035728776603835,0.388383653927557,0.06314212666168918
