Echantillon,A pied,A pied (+/-),Vélo (incl. vélo électrique),Vélo (incl. vélo électrique) (+/-),Deux-roues motorisé,Deux-roues motorisé (+/-),Voiture (car sharing),Voiture (car sharing) (+/-),Voiture (autre),Voiture (autre) (+/-),Transports publics routiers,Transports publics routiers (+/-),Train,Train (+/-),Autres,Autres (+/-)
55018,0.05420620428696364,0.0018102605336637223,0.03119984819004938,0.0013899900570877818,0.01238489504347002,0.0008842160242405665,0.0010884147198916305,0.0002636204411588889,0.6904492544882374,0.003696154902249116,0.034899005412525594,0.0014672741313220756,0.1628323129541598,0.0029518540362618584,0.012940064904702625,0.0009035628020871671
